,Pair,CoOccurrenceCount,Character1,Character2
0,"('戌神ころね', '猫又おかゆ')",35.0,戌神ころね,猫又おかゆ
1,"('さくらみこ', '星街すいせい')",35.0,さくらみこ,星街すいせい
2,"('獅白ぼたん', '雪花ラミィ')",24.0,獅白ぼたん,雪花ラミィ
3,"('沙花叉クロヱ', '風真いろは')",24.0,沙花叉クロヱ,風真いろは
4,"('沙花叉クロヱ', '鷹嶺ルイ')",22.0,沙花叉クロヱ,鷹嶺ルイ
5,"('博衣こより', '沙花叉クロヱ')",20.0,博衣こより,沙花叉クロヱ
6,"('博衣こより', '風真いろは')",20.0,博衣こより,風真いろは
7,"('風真いろは', '鷹嶺ルイ')",18.0,風真いろは,鷹嶺ルイ
8,"('兎田ぺこら', '宝鐘マリン')",18.0,兎田ぺこら,宝鐘マリン
9,"('桃鈴ねね', '獅白ぼたん')",18.0,桃鈴ねね,獅白ぼたん
10,"('大神ミオ', '白上フブキ')",17.0,大神ミオ,白上フブキ
11,"('博衣こより', '鷹嶺ルイ')",17.0,博衣こより,鷹嶺ルイ
12,"('尾丸ポルカ', '雪花ラミィ')",16.0,尾丸ポルカ,雪花ラミィ
13,"('さくらみこ', '兎田ぺこら')",16.0,さくらみこ,兎田ぺこら
14,"('桃鈴ねね', '雪花ラミィ')",16.0,桃鈴ねね,雪花ラミィ
15,"('湊あくあ', '紫咲シオン')",15.0,湊あくあ,紫咲シオン
16,"('尾丸ポルカ', '獅白ぼたん')",15.0,尾丸ポルカ,獅白ぼたん
17,"('不知火フレア', '白銀ノエル')",15.0,不知火フレア,白銀ノエル
18,"('天音かなた', '桐生ココ')",15.0,天音かなた,桐生ココ
19,"('尾丸ポルカ', '桃鈴ねね')",13.0,尾丸ポルカ,桃鈴ねね
20,"('大空スバル', '猫又おかゆ')",12.0,大空スバル,猫又おかゆ
21,"('宝鐘マリン', '白銀ノエル')",12.0,宝鐘マリン,白銀ノエル
22,"('兎田ぺこら', '白銀ノエル')",11.0,兎田ぺこら,白銀ノエル
23,"('兎田ぺこら', '潤羽るしあ')",11.0,兎田ぺこら,潤羽るしあ
24,"('天音かなた', '常闇トワ')",10.0,天音かなた,常闇トワ
25,"('夏色まつり', '白上フブキ')",10.0,夏色まつり,白上フブキ
26,"('宝鐘マリン', '潤羽るしあ')",10.0,宝鐘マリン,潤羽るしあ
27,"('常闇トワ', '星街すいせい')",9.0,常闇トワ,星街すいせい
28,"('大神ミオ', '猫又おかゆ')",9.0,大神ミオ,猫又おかゆ
29,"('不知火フレア', '宝鐘マリン')",8.0,不知火フレア,宝鐘マリン
30,"('不知火フレア', '潤羽るしあ')",8.0,不知火フレア,潤羽るしあ
31,"('星街すいせい', '湊あくあ')",8.0,星街すいせい,湊あくあ
32,"('さくらみこ', '戌神ころね')",8.0,さくらみこ,戌神ころね
33,"('潤羽るしあ', '白銀ノエル')",8.0,潤羽るしあ,白銀ノエル
34,"('天音かなた', '角巻わため')",7.0,天音かなた,角巻わため
35,"('不知火フレア', '兎田ぺこら')",7.0,不知火フレア,兎田ぺこら
36,"('猫又おかゆ', '白上フブキ')",7.0,猫又おかゆ,白上フブキ
37,"('アキ・ローゼンタール', '夏色まつり')",7.0,アキ・ローゼンタール,夏色まつり
38,"('獅白ぼたん', '角巻わため')",7.0,獅白ぼたん,角巻わため
39,"('大神ミオ', '戌神ころね')",7.0,大神ミオ,戌神ころね
40,"('尾丸ポルカ', '星街すいせい')",7.0,尾丸ポルカ,星街すいせい
41,"('天音かなた', '姫森ルーナ')",6.0,天音かなた,姫森ルーナ
42,"('大空スバル', '白上フブキ')",6.0,大空スバル,白上フブキ
43,"('不知火フレア', '星街すいせい')",6.0,不知火フレア,星街すいせい
44,"('戌神ころね', '白上フブキ')",6.0,戌神ころね,白上フブキ
45,"('ときのそら', '星街すいせい')",6.0,ときのそら,星街すいせい
46,"('常闇トワ', '角巻わため')",6.0,常闇トワ,角巻わため
47,"('兎田ぺこら', '獅白ぼたん')",6.0,兎田ぺこら,獅白ぼたん
48,"('大空スバル', '湊あくあ')",6.0,大空スバル,湊あくあ
49,"('姫森ルーナ', '角巻わため')",6.0,姫森ルーナ,角巻わため
50,"('AZKi', '星街すいせい')",6.0,AZKi,星街すいせい
51,"('姫森ルーナ', '常闇トワ')",6.0,姫森ルーナ,常闇トワ
52,"('アキ・ローゼンタール', '夜空メル')",6.0,アキ・ローゼンタール,夜空メル
53,"('さくらみこ', '不知火フレア')",5.0,さくらみこ,不知火フレア
54,"('さくらみこ', 'ときのそら')",5.0,さくらみこ,ときのそら
55,"('不知火フレア', '白上フブキ')",5.0,不知火フレア,白上フブキ
56,"('夏色まつり', '赤井はあと')",5.0,夏色まつり,赤井はあと
57,"('さくらみこ', '尾丸ポルカ')",5.0,さくらみこ,尾丸ポルカ
58,"('星街すいせい', '白銀ノエル')",5.0,星街すいせい,白銀ノエル
59,"('夏色まつり', '夜空メル')",5.0,夏色まつり,夜空メル
60,"('ときのそら', 'ロボ子さん')",5.0,ときのそら,ロボ子さん
61,"('桐生ココ', '角巻わため')",5.0,桐生ココ,角巻わため
62,"('大空スバル', '戌神ころね')",5.0,大空スバル,戌神ころね
63,"('ロボ子さん', '星街すいせい')",5.0,ロボ子さん,星街すいせい
64,"('アキ・ローゼンタール', '白上フブキ')",5.0,アキ・ローゼンタール,白上フブキ
65,"('さくらみこ', '白銀ノエル')",5.0,さくらみこ,白銀ノエル
66,"('宝鐘マリン', '猫又おかゆ')",5.0,宝鐘マリン,猫又おかゆ
67,"('常闇トワ', '湊あくあ')",5.0,常闇トワ,湊あくあ
68,"('アキ・ローゼンタール', '湊あくあ')",5.0,アキ・ローゼンタール,湊あくあ
69,"('不知火フレア', '尾丸ポルカ')",4.0,不知火フレア,尾丸ポルカ
70,"('不知火フレア', '角巻わため')",4.0,不知火フレア,角巻わため
71,"('アキ・ローゼンタール', '赤井はあと')",4.0,アキ・ローゼンタール,赤井はあと
72,"('さくらみこ', 'ロボ子さん')",4.0,さくらみこ,ロボ子さん
73,"('癒月ちょこ', '赤井はあと')",4.0,癒月ちょこ,赤井はあと
74,"('星街すいせい', '角巻わため')",4.0,星街すいせい,角巻わため
75,"('大神ミオ', '大空スバル')",4.0,大神ミオ,大空スバル
76,"('ときのそら', '白上フブキ')",4.0,ときのそら,白上フブキ
77,"('夜空メル', '赤井はあと')",4.0,夜空メル,赤井はあと
78,"('宝鐘マリン', '雪花ラミィ')",4.0,宝鐘マリン,雪花ラミィ
79,"('大空スバル', '星街すいせい')",4.0,大空スバル,星街すいせい
80,"('ときのそら', '大空スバル')",4.0,ときのそら,大空スバル
81,"('さくらみこ', '天音かなた')",4.0,さくらみこ,天音かなた
82,"('天音かなた', '星街すいせい')",4.0,天音かなた,星街すいせい
83,"('兎田ぺこら', '白上フブキ')",4.0,兎田ぺこら,白上フブキ
84,"('姫森ルーナ', '桐生ココ')",4.0,姫森ルーナ,桐生ココ
85,"('尾丸ポルカ', '白銀ノエル')",4.0,尾丸ポルカ,白銀ノエル
86,"('夏色まつり', '湊あくあ')",4.0,夏色まつり,湊あくあ
87,"('兎田ぺこら', '戌神ころね')",4.0,兎田ぺこら,戌神ころね
88,"('大空スバル', '癒月ちょこ')",4.0,大空スバル,癒月ちょこ
89,"('天音かなた', '宝鐘マリン')",4.0,天音かなた,宝鐘マリン
90,"('夏色まつり', '星街すいせい')",4.0,夏色まつり,星街すいせい
91,"('AZKi', 'さくらみこ')",4.0,AZKi,さくらみこ
92,"('星街すいせい', '猫又おかゆ')",4.0,星街すいせい,猫又おかゆ
93,"('常闇トワ', '桐生ココ')",4.0,常闇トワ,桐生ココ
94,"('AZKi', 'ロボ子さん')",4.0,AZKi,ロボ子さん
95,"('大空スバル', '百鬼あやめ')",4.0,大空スバル,百鬼あやめ
96,"('星街すいせい', '白上フブキ')",4.0,星街すいせい,白上フブキ
97,"('兎田ぺこら', '角巻わため')",4.0,兎田ぺこら,角巻わため
98,"('白上フブキ', '赤井はあと')",4.0,白上フブキ,赤井はあと
99,"('白上フブキ', '百鬼あやめ')",4.0,白上フブキ,百鬼あやめ
100,"('大空スバル', '姫森ルーナ')",3.0,大空スバル,姫森ルーナ
101,"('天音かなた', '沙花叉クロヱ')",3.0,天音かなた,沙花叉クロヱ
102,"('天音かなた', '湊あくあ')",3.0,天音かなた,湊あくあ
103,"('兎田ぺこら', '博衣こより')",3.0,兎田ぺこら,博衣こより
104,"('兎田ぺこら', '夏色まつり')",3.0,兎田ぺこら,夏色まつり
105,"('兎田ぺこら', '大空スバル')",3.0,兎田ぺこら,大空スバル
106,"('宝鐘マリン', '癒月ちょこ')",3.0,宝鐘マリン,癒月ちょこ
107,"('博衣こより', '宝鐘マリン')",3.0,博衣こより,宝鐘マリン
108,"('猫又おかゆ', '百鬼あやめ')",3.0,猫又おかゆ,百鬼あやめ
109,"('湊あくあ', '潤羽るしあ')",3.0,湊あくあ,潤羽るしあ
110,"('夜空メル', '白上フブキ')",3.0,夜空メル,白上フブキ
111,"('兎田ぺこら', '赤井はあと')",3.0,兎田ぺこら,赤井はあと
112,"('湊あくあ', '猫又おかゆ')",3.0,湊あくあ,猫又おかゆ
113,"('ロボ子さん', '癒月ちょこ')",3.0,ロボ子さん,癒月ちょこ
114,"('ロボ子さん', '猫又おかゆ')",3.0,ロボ子さん,猫又おかゆ
115,"('大神ミオ', '星街すいせい')",3.0,大神ミオ,星街すいせい
116,"('大空スバル', '常闇トワ')",3.0,大空スバル,常闇トワ
117,"('アキ・ローゼンタール', 'ロボ子さん')",3.0,アキ・ローゼンタール,ロボ子さん
118,"('兎田ぺこら', '雪花ラミィ')",3.0,兎田ぺこら,雪花ラミィ
119,"('湊あくあ', '百鬼あやめ')",3.0,湊あくあ,百鬼あやめ
120,"('ときのそら', '湊あくあ')",3.0,ときのそら,湊あくあ
121,"('大空スバル', '獅白ぼたん')",3.0,大空スバル,獅白ぼたん
122,"('癒月ちょこ', '百鬼あやめ')",3.0,癒月ちょこ,百鬼あやめ
123,"('夏色まつり', '潤羽るしあ')",3.0,夏色まつり,潤羽るしあ
124,"('さくらみこ', 'アキ・ローゼンタール')",3.0,さくらみこ,アキ・ローゼンタール
125,"('AZKi', 'ときのそら')",3.0,AZKi,ときのそら
126,"('白上フブキ', '角巻わため')",3.0,白上フブキ,角巻わため
127,"('星街すいせい', '癒月ちょこ')",3.0,星街すいせい,癒月ちょこ
128,"('アキ・ローゼンタール', '癒月ちょこ')",3.0,アキ・ローゼンタール,癒月ちょこ
129,"('さくらみこ', '夏色まつり')",3.0,さくらみこ,夏色まつり
130,"('さくらみこ', '夜空メル')",3.0,さくらみこ,夜空メル
131,"('さくらみこ', '大空スバル')",3.0,さくらみこ,大空スバル
132,"('大神ミオ', '百鬼あやめ')",3.0,大神ミオ,百鬼あやめ
133,"('星街すいせい', '赤井はあと')",3.0,星街すいせい,赤井はあと
134,"('アキ・ローゼンタール', '猫又おかゆ')",3.0,アキ・ローゼンタール,猫又おかゆ
135,"('アキ・ローゼンタール', '潤羽るしあ')",3.0,アキ・ローゼンタール,潤羽るしあ
136,"('夏色まつり', '猫又おかゆ')",3.0,夏色まつり,猫又おかゆ
137,"('尾丸ポルカ', '沙花叉クロヱ')",3.0,尾丸ポルカ,沙花叉クロヱ
138,"('湊あくあ', '癒月ちょこ')",3.0,湊あくあ,癒月ちょこ
139,"('さくらみこ', '湊あくあ')",3.0,さくらみこ,湊あくあ
140,"('アキ・ローゼンタール', '星街すいせい')",3.0,アキ・ローゼンタール,星街すいせい
141,"('さくらみこ', '猫又おかゆ')",3.0,さくらみこ,猫又おかゆ
142,"('さくらみこ', '角巻わため')",3.0,さくらみこ,角巻わため
143,"('大神ミオ', '獅白ぼたん')",3.0,大神ミオ,獅白ぼたん
144,"('不知火フレア', '夏色まつり')",3.0,不知火フレア,夏色まつり
145,"('宝鐘マリン', '湊あくあ')",3.0,宝鐘マリン,湊あくあ
146,"('さくらみこ', '白上フブキ')",3.0,さくらみこ,白上フブキ
147,"('大神ミオ', '桃鈴ねね')",2.0,大神ミオ,桃鈴ねね
148,"('常闇トワ', '桃鈴ねね')",2.0,常闇トワ,桃鈴ねね
149,"('宝鐘マリン', '白上フブキ')",2.0,宝鐘マリン,白上フブキ
150,"('潤羽るしあ', '百鬼あやめ')",2.0,潤羽るしあ,百鬼あやめ
151,"('博衣こより', '天音かなた')",2.0,博衣こより,天音かなた
152,"('湊あくあ', '赤井はあと')",2.0,湊あくあ,赤井はあと
153,"('博衣こより', '尾丸ポルカ')",2.0,博衣こより,尾丸ポルカ
154,"('湊あくあ', '雪花ラミィ')",2.0,湊あくあ,雪花ラミィ
155,"('常闇トワ', '癒月ちょこ')",2.0,常闇トワ,癒月ちょこ
156,"('博衣こより', '雪花ラミィ')",2.0,博衣こより,雪花ラミィ
157,"('常闇トワ', '獅白ぼたん')",2.0,常闇トワ,獅白ぼたん
158,"('潤羽るしあ', '白上フブキ')",2.0,潤羽るしあ,白上フブキ
159,"('夏色まつり', '姫森ルーナ')",2.0,夏色まつり,姫森ルーナ
160,"('湊あくあ', '白上フブキ')",2.0,湊あくあ,白上フブキ
161,"('兎田ぺこら', '星街すいせい')",2.0,兎田ぺこら,星街すいせい
162,"('湊あくあ', '獅白ぼたん')",2.0,湊あくあ,獅白ぼたん
163,"('不知火フレア', '桃鈴ねね')",2.0,不知火フレア,桃鈴ねね
164,"('桃鈴ねね', '白上フブキ')",2.0,桃鈴ねね,白上フブキ
165,"('夜空メル', '大神ミオ')",2.0,夜空メル,大神ミオ
166,"('常闇トワ', '雪花ラミィ')",2.0,常闇トワ,雪花ラミィ
167,"('不知火フレア', '博衣こより')",2.0,不知火フレア,博衣こより
168,"('夏色まつり', '桃鈴ねね')",2.0,夏色まつり,桃鈴ねね
169,"('戌神ころね', '桃鈴ねね')",2.0,戌神ころね,桃鈴ねね
170,"('夏色まつり', '癒月ちょこ')",2.0,夏色まつり,癒月ちょこ
171,"('兎田ぺこら', '百鬼あやめ')",2.0,兎田ぺこら,百鬼あやめ
172,"('不知火フレア', '湊あくあ')",2.0,不知火フレア,湊あくあ
173,"('星街すいせい', '桃鈴ねね')",2.0,星街すいせい,桃鈴ねね
174,"('アキ・ローゼンタール', '紫咲シオン')",2.0,アキ・ローゼンタール,紫咲シオン
175,"('星街すいせい', '獅白ぼたん')",2.0,星街すいせい,獅白ぼたん
176,"('不知火フレア', '雪花ラミィ')",2.0,不知火フレア,雪花ラミィ
177,"('星街すいせい', '百鬼あやめ')",2.0,星街すいせい,百鬼あやめ
178,"('兎田ぺこら', '天音かなた')",2.0,兎田ぺこら,天音かなた
179,"('夜空メル', '星街すいせい')",2.0,夜空メル,星街すいせい
180,"('桐生ココ', '癒月ちょこ')",2.0,桐生ココ,癒月ちょこ
181,"('夜空メル', '湊あくあ')",2.0,夜空メル,湊あくあ
182,"('夏色まつり', '戌神ころね')",2.0,夏色まつり,戌神ころね
183,"('夜空メル', '猫又おかゆ')",2.0,夜空メル,猫又おかゆ
184,"('夜空メル', '癒月ちょこ')",2.0,夜空メル,癒月ちょこ
185,"('ロボ子さん', '白上フブキ')",2.0,ロボ子さん,白上フブキ
186,"('兎田ぺこら', '桃鈴ねね')",2.0,兎田ぺこら,桃鈴ねね
187,"('兎田ぺこら', '桐生ココ')",2.0,兎田ぺこら,桐生ココ
188,"('兎田ぺこら', '湊あくあ')",2.0,兎田ぺこら,湊あくあ
189,"('常闇トワ', '紫咲シオン')",2.0,常闇トワ,紫咲シオン
190,"('宝鐘マリン', '赤井はあと')",2.0,宝鐘マリン,赤井はあと
191,"('ロボ子さん', '夜空メル')",2.0,ロボ子さん,夜空メル
192,"('ロボ子さん', '夏色まつり')",2.0,ロボ子さん,夏色まつり
193,"('兎田ぺこら', '猫又おかゆ')",2.0,兎田ぺこら,猫又おかゆ
194,"('兎田ぺこら', '癒月ちょこ')",2.0,兎田ぺこら,癒月ちょこ
195,"('大神ミオ', '角巻わため')",2.0,大神ミオ,角巻わため
196,"('姫森ルーナ', '獅白ぼたん')",2.0,姫森ルーナ,獅白ぼたん
197,"('大神ミオ', '常闇トワ')",2.0,大神ミオ,常闇トワ
198,"('ときのそら', 'アキ・ローゼンタール')",2.0,ときのそら,アキ・ローゼンタール
199,"('アキ・ローゼンタール', '不知火フレア')",2.0,アキ・ローゼンタール,不知火フレア
200,"('猫又おかゆ', '獅白ぼたん')",2.0,猫又おかゆ,獅白ぼたん
201,"('猫又おかゆ', '癒月ちょこ')",2.0,猫又おかゆ,癒月ちょこ
202,"('猫又おかゆ', '紫咲シオン')",2.0,猫又おかゆ,紫咲シオン
203,"('姫森ルーナ', '星街すいせい')",2.0,姫森ルーナ,星街すいせい
204,"('ときのそら', '紫咲シオン')",2.0,ときのそら,紫咲シオン
205,"('猫又おかゆ', '赤井はあと')",2.0,猫又おかゆ,赤井はあと
206,"('ときのそら', '癒月ちょこ')",2.0,ときのそら,癒月ちょこ
207,"('ときのそら', '猫又おかゆ')",2.0,ときのそら,猫又おかゆ
208,"('AZKi', '猫又おかゆ')",2.0,AZKi,猫又おかゆ
209,"('天音かなた', '雪花ラミィ')",2.0,天音かなた,雪花ラミィ
210,"('AZKi', '白上フブキ')",2.0,AZKi,白上フブキ
211,"('猫又おかゆ', '雪花ラミィ')",2.0,猫又おかゆ,雪花ラミィ
212,"('獅白ぼたん', '癒月ちょこ')",2.0,獅白ぼたん,癒月ちょこ
213,"('天音かなた', '赤井はあと')",2.0,天音かなた,赤井はあと
214,"('天音かなた', '百鬼あやめ')",2.0,天音かなた,百鬼あやめ
215,"('ときのそら', '博衣こより')",2.0,ときのそら,博衣こより
216,"('ときのそら', '夏色まつり')",2.0,ときのそら,夏色まつり
217,"('ときのそら', '夜空メル')",2.0,ときのそら,夜空メル
218,"('天音かなた', '潤羽るしあ')",2.0,天音かなた,潤羽るしあ
219,"('天音かなた', '桃鈴ねね')",2.0,天音かなた,桃鈴ねね
220,"('ときのそら', '大神ミオ')",2.0,ときのそら,大神ミオ
221,"('天音かなた', '尾丸ポルカ')",2.0,天音かなた,尾丸ポルカ
222,"('宝鐘マリン', '戌神ころね')",2.0,宝鐘マリン,戌神ころね
223,"('百鬼あやめ', '角巻わため')",2.0,百鬼あやめ,角巻わため
224,"('アキ・ローゼンタール', '兎田ぺこら')",2.0,アキ・ローゼンタール,兎田ぺこら
225,"('大神ミオ', '雪花ラミィ')",2.0,大神ミオ,雪花ラミィ
226,"('さくらみこ', '宝鐘マリン')",2.0,さくらみこ,宝鐘マリン
227,"('アキ・ローゼンタール', '戌神ころね')",2.0,アキ・ローゼンタール,戌神ころね
228,"('アキ・ローゼンタール', '桃鈴ねね')",2.0,アキ・ローゼンタール,桃鈴ねね
229,"('アキ・ローゼンタール', '大空スバル')",2.0,アキ・ローゼンタール,大空スバル
230,"('さくらみこ', '大神ミオ')",2.0,さくらみこ,大神ミオ
231,"('癒月ちょこ', '白上フブキ')",2.0,癒月ちょこ,白上フブキ
232,"('大空スバル', '白銀ノエル')",2.0,大空スバル,白銀ノエル
233,"('アキ・ローゼンタール', '博衣こより')",2.0,アキ・ローゼンタール,博衣こより
234,"('さくらみこ', '桐生ココ')",1.0,さくらみこ,桐生ココ
235,"('戌神ころね', '癒月ちょこ')",1.0,戌神ころね,癒月ちょこ
236,"('戌神ころね', '赤井はあと')",1.0,戌神ころね,赤井はあと
237,"('さくらみこ', '姫森ルーナ')",1.0,さくらみこ,姫森ルーナ
238,"('戌神ころね', '沙花叉クロヱ')",1.0,戌神ころね,沙花叉クロヱ
239,"('戌神ころね', '百鬼あやめ')",1.0,戌神ころね,百鬼あやめ
240,"('大空スバル', '風真いろは')",1.0,大空スバル,風真いろは
241,"('癒月ちょこ', '紫咲シオン')",1.0,癒月ちょこ,紫咲シオン
242,"('不知火フレア', '沙花叉クロヱ')",1.0,不知火フレア,沙花叉クロヱ
243,"('尾丸ポルカ', '白上フブキ')",1.0,尾丸ポルカ,白上フブキ
244,"('大空スバル', '鷹嶺ルイ')",1.0,大空スバル,鷹嶺ルイ
245,"('不知火フレア', '獅白ぼたん')",1.0,不知火フレア,獅白ぼたん
246,"('さくらみこ', '潤羽るしあ')",1.0,さくらみこ,潤羽るしあ
247,"('戌神ころね', '潤羽るしあ')",1.0,戌神ころね,潤羽るしあ
248,"('戌神ころね', '湊あくあ')",1.0,戌神ころね,湊あくあ
249,"('百鬼あやめ', '紫咲シオン')",1.0,百鬼あやめ,紫咲シオン
250,"('さくらみこ', '博衣こより')",1.0,さくらみこ,博衣こより
251,"('星街すいせい', '紫咲シオン')",1.0,星街すいせい,紫咲シオン
252,"('癒月ちょこ', '雪花ラミィ')",1.0,癒月ちょこ,雪花ラミィ
253,"('大空スバル', '紫咲シオン')",1.0,大空スバル,紫咲シオン
254,"('大空スバル', '赤井はあと')",1.0,大空スバル,赤井はあと
255,"('白上フブキ', '紫咲シオン')",1.0,白上フブキ,紫咲シオン
256,"('星街すいせい', '潤羽るしあ')",1.0,星街すいせい,潤羽るしあ
257,"('白上フブキ', '白銀ノエル')",1.0,白上フブキ,白銀ノエル
258,"('宝鐘マリン', '常闇トワ')",1.0,宝鐘マリン,常闇トワ
259,"('星街すいせい', '沙花叉クロヱ')",1.0,星街すいせい,沙花叉クロヱ
260,"('百鬼あやめ', '赤井はあと')",1.0,百鬼あやめ,赤井はあと
261,"('宝鐘マリン', '星街すいせい')",1.0,宝鐘マリン,星街すいせい
262,"('不知火フレア', '紫咲シオン')",1.0,不知火フレア,紫咲シオン
263,"('不知火フレア', '風真いろは')",1.0,不知火フレア,風真いろは
264,"('白銀ノエル', '紫咲シオン')",1.0,白銀ノエル,紫咲シオン
265,"('大空スバル', '潤羽るしあ')",1.0,大空スバル,潤羽るしあ
266,"('夏色まつり', '紫咲シオン')",1.0,夏色まつり,紫咲シオン
267,"('夏色まつり', '百鬼あやめ')",1.0,夏色まつり,百鬼あやめ
268,"('戌神ころね', '風真いろは')",1.0,戌神ころね,風真いろは
269,"('白銀ノエル', '角巻わため')",1.0,白銀ノエル,角巻わため
270,"('戌神ころね', '雪花ラミィ')",1.0,戌神ころね,雪花ラミィ
271,"('宝鐘マリン', '尾丸ポルカ')",1.0,宝鐘マリン,尾丸ポルカ
272,"('癒月ちょこ', '角巻わため')",1.0,癒月ちょこ,角巻わため
273,"('星街すいせい', '桐生ココ')",1.0,星街すいせい,桐生ココ
274,"('天音かなた', '白上フブキ')",1.0,天音かなた,白上フブキ
275,"('戌神ころね', '星街すいせい')",1.0,戌神ころね,星街すいせい
276,"('常闇トワ', '鷹嶺ルイ')",1.0,常闇トワ,鷹嶺ルイ
277,"('AZKi', '宝鐘マリン')",1.0,AZKi,宝鐘マリン
278,"('常闇トワ', '潤羽るしあ')",1.0,常闇トワ,潤羽るしあ
279,"('姫森ルーナ', '桃鈴ねね')",1.0,姫森ルーナ,桃鈴ねね
280,"('AZKi', '天音かなた')",1.0,AZKi,天音かなた
281,"('AZKi', '大神ミオ')",1.0,AZKi,大神ミオ
282,"('博衣こより', '戌神ころね')",1.0,博衣こより,戌神ころね
283,"('博衣こより', '星街すいせい')",1.0,博衣こより,星街すいせい
284,"('博衣こより', '桃鈴ねね')",1.0,博衣こより,桃鈴ねね
285,"('夏色まつり', '宝鐘マリン')",1.0,夏色まつり,宝鐘マリン
286,"('AZKi', '夜空メル')",1.0,AZKi,夜空メル
287,"('博衣こより', '湊あくあ')",1.0,博衣こより,湊あくあ
288,"('博衣こより', '潤羽るしあ')",1.0,博衣こより,潤羽るしあ
289,"('AZKi', '夏色まつり')",1.0,AZKi,夏色まつり
290,"('博衣こより', '猫又おかゆ')",1.0,博衣こより,猫又おかゆ
291,"('姫森ルーナ', '白銀ノエル')",1.0,姫森ルーナ,白銀ノエル
292,"('姫森ルーナ', '湊あくあ')",1.0,姫森ルーナ,湊あくあ
293,"('姫森ルーナ', '潤羽るしあ')",1.0,姫森ルーナ,潤羽るしあ
294,"('博衣こより', '百鬼あやめ')",1.0,博衣こより,百鬼あやめ
295,"('夏色まつり', '大空スバル')",1.0,夏色まつり,大空スバル
296,"('博衣こより', '角巻わため')",1.0,博衣こより,角巻わため
297,"('夏色まつり', '大神ミオ')",1.0,夏色まつり,大神ミオ
298,"('姫森ルーナ', '猫又おかゆ')",1.0,姫森ルーナ,猫又おかゆ
299,"('AZKi', 'アキ・ローゼンタール')",1.0,AZKi,アキ・ローゼンタール
300,"('博衣こより', '大空スバル')",1.0,博衣こより,大空スバル
301,"('尾丸ポルカ', '角巻わため')",1.0,尾丸ポルカ,角巻わため
302,"('博衣こより', '夜空メル')",1.0,博衣こより,夜空メル
303,"('角巻わため', '雪花ラミィ')",1.0,角巻わため,雪花ラミィ
304,"('百鬼あやめ', '風真いろは')",1.0,百鬼あやめ,風真いろは
305,"('兎田ぺこら', '夜空メル')",1.0,兎田ぺこら,夜空メル
306,"('兎田ぺこら', '大神ミオ')",1.0,兎田ぺこら,大神ミオ
307,"('天音かなた', '猫又おかゆ')",1.0,天音かなた,猫又おかゆ
308,"('天音かなた', '獅白ぼたん')",1.0,天音かなた,獅白ぼたん
309,"('天音かなた', '癒月ちょこ')",1.0,天音かなた,癒月ちょこ
310,"('尾丸ポルカ', '猫又おかゆ')",1.0,尾丸ポルカ,猫又おかゆ
311,"('兎田ぺこら', '尾丸ポルカ')",1.0,兎田ぺこら,尾丸ポルカ
312,"('兎田ぺこら', '常闇トワ')",1.0,兎田ぺこら,常闇トワ
313,"('天音かなた', '白銀ノエル')",1.0,天音かなた,白銀ノエル
314,"('姫森ルーナ', '雪花ラミィ')",1.0,姫森ルーナ,雪花ラミィ
315,"('博衣こより', '夏色まつり')",1.0,博衣こより,夏色まつり
316,"('AZKi', '百鬼あやめ')",1.0,AZKi,百鬼あやめ
317,"('赤井はあと', '雪花ラミィ')",1.0,赤井はあと,雪花ラミィ
318,"('天音かなた', '風真いろは')",1.0,天音かなた,風真いろは
319,"('姫森ルーナ', '紫咲シオン')",1.0,姫森ルーナ,紫咲シオン
320,"('常闇トワ', '百鬼あやめ')",1.0,常闇トワ,百鬼あやめ
321,"('AZKi', '沙花叉クロヱ')",1.0,AZKi,沙花叉クロヱ
322,"('姫森ルーナ', '尾丸ポルカ')",1.0,姫森ルーナ,尾丸ポルカ
323,"('常闇トワ', '白上フブキ')",1.0,常闇トワ,白上フブキ
324,"('姫森ルーナ', '戌神ころね')",1.0,姫森ルーナ,戌神ころね
325,"('常闇トワ', '猫又おかゆ')",1.0,常闇トワ,猫又おかゆ
326,"('星街すいせい', '雪花ラミィ')",1.0,星街すいせい,雪花ラミィ
327,"('アキ・ローゼンタール', '百鬼あやめ')",1.0,アキ・ローゼンタール,百鬼あやめ
328,"('獅白ぼたん', '鷹嶺ルイ')",1.0,獅白ぼたん,鷹嶺ルイ
329,"('ロボ子さん', '戌神ころね')",1.0,ロボ子さん,戌神ころね
330,"('ときのそら', '獅白ぼたん')",1.0,ときのそら,獅白ぼたん
331,"('沙花叉クロヱ', '雪花ラミィ')",1.0,沙花叉クロヱ,雪花ラミィ
332,"('宝鐘マリン', '角巻わため')",1.0,宝鐘マリン,角巻わため
333,"('ロボ子さん', '博衣こより')",1.0,ロボ子さん,博衣こより
334,"('大空スバル', '宝鐘マリン')",1.0,大空スバル,宝鐘マリン
335,"('ロボ子さん', '大神ミオ')",1.0,ロボ子さん,大神ミオ
336,"('ロボ子さん', '大空スバル')",1.0,ロボ子さん,大空スバル
337,"('ロボ子さん', '宝鐘マリン')",1.0,ロボ子さん,宝鐘マリン
338,"('ロボ子さん', '尾丸ポルカ')",1.0,ロボ子さん,尾丸ポルカ
339,"('ロボ子さん', '常闇トワ')",1.0,ロボ子さん,常闇トワ
340,"('ときのそら', '沙花叉クロヱ')",1.0,ときのそら,沙花叉クロヱ
341,"('ときのそら', '赤井はあと')",1.0,ときのそら,赤井はあと
342,"('大空スバル', '尾丸ポルカ')",1.0,大空スバル,尾丸ポルカ
343,"('沙花叉クロヱ', '百鬼あやめ')",1.0,沙花叉クロヱ,百鬼あやめ
344,"('ロボ子さん', '沙花叉クロヱ')",1.0,ロボ子さん,沙花叉クロヱ
345,"('ロボ子さん', '湊あくあ')",1.0,ロボ子さん,湊あくあ
346,"('沙花叉クロヱ', '白銀ノエル')",1.0,沙花叉クロヱ,白銀ノエル
347,"('沙花叉クロヱ', '白上フブキ')",1.0,沙花叉クロヱ,白上フブキ
348,"('ときのそら', '常闇トワ')",1.0,ときのそら,常闇トワ
349,"('さくらみこ', '癒月ちょこ')",1.0,さくらみこ,癒月ちょこ
350,"('ときのそら', '尾丸ポルカ')",1.0,ときのそら,尾丸ポルカ
351,"('ときのそら', '宝鐘マリン')",1.0,ときのそら,宝鐘マリン
352,"('ときのそら', '白銀ノエル')",1.0,ときのそら,白銀ノエル
353,"('ときのそら', '雪花ラミィ')",1.0,ときのそら,雪花ラミィ
354,"('夜空メル', '紫咲シオン')",1.0,夜空メル,紫咲シオン
355,"('潤羽るしあ', '赤井はあと')",1.0,潤羽るしあ,赤井はあと
356,"('大神ミオ', '紫咲シオン')",1.0,大神ミオ,紫咲シオン
357,"('アキ・ローゼンタール', '雪花ラミィ')",1.0,アキ・ローゼンタール,雪花ラミィ
358,"('アキ・ローゼンタール', '獅白ぼたん')",1.0,アキ・ローゼンタール,獅白ぼたん
359,"('大神ミオ', '白銀ノエル')",1.0,大神ミオ,白銀ノエル
360,"('大神ミオ', '癒月ちょこ')",1.0,大神ミオ,癒月ちょこ
361,"('アキ・ローゼンタール', '常闇トワ')",1.0,アキ・ローゼンタール,常闇トワ
362,"('宝鐘マリン', '獅白ぼたん')",1.0,宝鐘マリン,獅白ぼたん
363,"('ラプラス・ダークネス', '博衣こより')",1.0,ラプラス・ダークネス,博衣こより
364,"('アキ・ローゼンタール', '宝鐘マリン')",1.0,アキ・ローゼンタール,宝鐘マリン
365,"('アキ・ローゼンタール', '姫森ルーナ')",1.0,アキ・ローゼンタール,姫森ルーナ
366,"('潤羽るしあ', '角巻わため')",1.0,潤羽るしあ,角巻わため
367,"('大空スバル', '天音かなた')",1.0,大空スバル,天音かなた
368,"('潤羽るしあ', '紫咲シオン')",1.0,潤羽るしあ,紫咲シオン
369,"('アキ・ローゼンタール', '大神ミオ')",1.0,アキ・ローゼンタール,大神ミオ
370,"('潤羽るしあ', '癒月ちょこ')",1.0,潤羽るしあ,癒月ちょこ
371,"('潤羽るしあ', '猫又おかゆ')",1.0,潤羽るしあ,猫又おかゆ
372,"('大神ミオ', '尾丸ポルカ')",1.0,大神ミオ,尾丸ポルカ
373,"('大神ミオ', '宝鐘マリン')",1.0,大神ミオ,宝鐘マリン
374,"('大神ミオ', '姫森ルーナ')",1.0,大神ミオ,姫森ルーナ
375,"('大神ミオ', '天音かなた')",1.0,大神ミオ,天音かなた
376,"('湊あくあ', '角巻わため')",1.0,湊あくあ,角巻わため
377,"('ときのそら', '鷹嶺ルイ')",1.0,ときのそら,鷹嶺ルイ
378,"('猫又おかゆ', '鷹嶺ルイ')",1.0,猫又おかゆ,鷹嶺ルイ
379,"('沙花叉クロヱ', '癒月ちょこ')",1.0,沙花叉クロヱ,癒月ちょこ
380,"('星街すいせい', '風真いろは')",1.0,星街すいせい,風真いろは
381,"('獅白ぼたん', '紫咲シオン')",1.0,獅白ぼたん,紫咲シオン
382,"('獅白ぼたん', '白上フブキ')",1.0,獅白ぼたん,白上フブキ
383,"('夜空メル', '戌神ころね')",1.0,夜空メル,戌神ころね
384,"('桐生ココ', '沙花叉クロヱ')",1.0,桐生ココ,沙花叉クロヱ
385,"('夜空メル', '常闇トワ')",1.0,夜空メル,常闇トワ
386,"('大空スバル', '沙花叉クロヱ')",1.0,大空スバル,沙花叉クロヱ
387,"('さくらみこ', '赤井はあと')",1.0,さくらみこ,赤井はあと
388,"('獅白ぼたん', '百鬼あやめ')",1.0,獅白ぼたん,百鬼あやめ
389,"('桃鈴ねね', '風真いろは')",1.0,桃鈴ねね,風真いろは
390,"('夜空メル', '宝鐘マリン')",1.0,夜空メル,宝鐘マリン
391,"('夜空メル', '姫森ルーナ')",1.0,夜空メル,姫森ルーナ
392,"('尾丸ポルカ', '戌神ころね')",1.0,尾丸ポルカ,戌神ころね
393,"('夜空メル', '天音かなた')",1.0,夜空メル,天音かなた
394,"('桃鈴ねね', '角巻わため')",1.0,桃鈴ねね,角巻わため
395,"('姫森ルーナ', '癒月ちょこ')",1.0,姫森ルーナ,癒月ちょこ
396,"('桃鈴ねね', '百鬼あやめ')",1.0,桃鈴ねね,百鬼あやめ
397,"('獅白ぼたん', '赤井はあと')",1.0,獅白ぼたん,赤井はあと
398,"('大空スバル', '桃鈴ねね')",1.0,大空スバル,桃鈴ねね
399,"('大空スバル', '桐生ココ')",1.0,大空スバル,桐生ココ
400,"('桃鈴ねね', '沙花叉クロヱ')",1.0,桃鈴ねね,沙花叉クロヱ
401,"('獅白ぼたん', '風真いろは')",1.0,獅白ぼたん,風真いろは
402,"('桃鈴ねね', '潤羽るしあ')",1.0,桃鈴ねね,潤羽るしあ
403,"('さくらみこ', '百鬼あやめ')",1.0,さくらみこ,百鬼あやめ
404,"('夜空メル', '桐生ココ')",1.0,夜空メル,桐生ココ
405,"('桐生ココ', '赤井はあと')",1.0,桐生ココ,赤井はあと
406,"('不知火フレア', '姫森ルーナ')",1.0,不知火フレア,姫森ルーナ
407,"('宝鐘マリン', '風真いろは')",1.0,宝鐘マリン,風真いろは
408,"('ロボ子さん', '赤井はあと')",1.0,ロボ子さん,赤井はあと
409,"('沙花叉クロヱ', '湊あくあ')",1.0,沙花叉クロヱ,湊あくあ
410,"('不知火フレア', '天音かなた')",1.0,不知火フレア,天音かなた
411,"('ロボ子さん', '雪花ラミィ')",1.0,ロボ子さん,雪花ラミィ
412,"('ときのそら', '天音かなた')",1.0,ときのそら,天音かなた
413,"('ロボ子さん', '鷹嶺ルイ')",1.0,ロボ子さん,鷹嶺ルイ
414,"('桐生ココ', '雪花ラミィ')",1.0,桐生ココ,雪花ラミィ
415,"('宝鐘マリン', '鷹嶺ルイ')",1.0,宝鐘マリン,鷹嶺ルイ
416,"('夜空メル', '潤羽るしあ')",1.0,夜空メル,潤羽るしあ
417,"('大神ミオ', '赤井はあと')",1.0,大神ミオ,赤井はあと
418,"('桐生ココ', '百鬼あやめ')",1.0,桐生ココ,百鬼あやめ
419,"('尾丸ポルカ', '常闇トワ')",1.0,尾丸ポルカ,常闇トワ
420,"('不知火フレア', '夜空メル')",1.0,不知火フレア,夜空メル
421,"('桐生ココ', '獅白ぼたん')",1.0,桐生ココ,獅白ぼたん
422,"('桃鈴ねね', '湊あくあ')",1.0,桃鈴ねね,湊あくあ
423,"('尾丸ポルカ', '赤井はあと')",0.0,尾丸ポルカ,赤井はあと
424,"('尾丸ポルカ', '潤羽るしあ')",0.0,尾丸ポルカ,潤羽るしあ
425,"('姫森ルーナ', '白上フブキ')",0.0,姫森ルーナ,白上フブキ
426,"('宝鐘マリン', '沙花叉クロヱ')",0.0,宝鐘マリン,沙花叉クロヱ
427,"('尾丸ポルカ', '火威青')",0.0,尾丸ポルカ,火威青
428,"('尾丸ポルカ', '湊あくあ')",0.0,尾丸ポルカ,湊あくあ
429,"('宝鐘マリン', '火威青')",0.0,宝鐘マリン,火威青
430,"('宝鐘マリン', '音乃瀬奏)')",0.0,宝鐘マリン,音乃瀬奏)
431,"('宝鐘マリン', '桐生ココ')",0.0,宝鐘マリン,桐生ココ
432,"('姫森ルーナ', '轟はじめ')",0.0,姫森ルーナ,轟はじめ
433,"('姫森ルーナ', '風真いろは')",0.0,姫森ルーナ,風真いろは
434,"('姫森ルーナ', '音乃瀬奏)')",0.0,姫森ルーナ,音乃瀬奏)
435,"('宝鐘マリン', '魔乃アロエ')",0.0,宝鐘マリン,魔乃アロエ
436,"('姫森ルーナ', '魔乃アロエ')",0.0,姫森ルーナ,魔乃アロエ
437,"('尾丸ポルカ', '癒月ちょこ')",0.0,尾丸ポルカ,癒月ちょこ
438,"('姫森ルーナ', '鷹嶺ルイ')",0.0,姫森ルーナ,鷹嶺ルイ
439,"('宝鐘マリン', '轟はじめ')",0.0,宝鐘マリン,轟はじめ
440,"('尾丸ポルカ', '桐生ココ')",0.0,尾丸ポルカ,桐生ココ
441,"('姫森ルーナ', '赤井はあと')",0.0,姫森ルーナ,赤井はあと
442,"('宝鐘マリン', '紫咲シオン')",0.0,宝鐘マリン,紫咲シオン
443,"('姫森ルーナ', '百鬼あやめ')",0.0,姫森ルーナ,百鬼あやめ
444,"('尾丸ポルカ', '紫咲シオン')",0.0,尾丸ポルカ,紫咲シオン
445,"('尾丸ポルカ', '百鬼あやめ')",0.0,尾丸ポルカ,百鬼あやめ
446,"('宝鐘マリン', '桃鈴ねね')",0.0,宝鐘マリン,桃鈴ねね
447,"('宝鐘マリン', '百鬼あやめ')",0.0,宝鐘マリン,百鬼あやめ
448,"('AZKi', 'Unnamed: 0')",0.0,AZKi,Unnamed: 0
449,"('尾丸ポルカ', '轟はじめ')",0.0,尾丸ポルカ,轟はじめ
450,"('白上フブキ', '音乃瀬奏)')",0.0,白上フブキ,音乃瀬奏)
451,"('癒月ちょこ', '轟はじめ')",0.0,癒月ちょこ,轟はじめ
452,"('癒月ちょこ', '音乃瀬奏)')",0.0,癒月ちょこ,音乃瀬奏)
453,"('癒月ちょこ', '風真いろは')",0.0,癒月ちょこ,風真いろは
454,"('癒月ちょこ', '魔乃アロエ')",0.0,癒月ちょこ,魔乃アロエ
455,"('癒月ちょこ', '鷹嶺ルイ')",0.0,癒月ちょこ,鷹嶺ルイ
456,"('白上フブキ', '轟はじめ')",0.0,白上フブキ,轟はじめ
457,"('白上フブキ', '雪花ラミィ')",0.0,白上フブキ,雪花ラミィ
458,"('白上フブキ', '風真いろは')",0.0,白上フブキ,風真いろは
459,"('獅白ぼたん', '魔乃アロエ')",0.0,獅白ぼたん,魔乃アロエ
460,"('白上フブキ', '魔乃アロエ')",0.0,白上フブキ,魔乃アロエ
461,"('白上フブキ', '鷹嶺ルイ')",0.0,白上フブキ,鷹嶺ルイ
462,"('白銀ノエル', '百鬼あやめ')",0.0,白銀ノエル,百鬼あやめ
463,"('白銀ノエル', '赤井はあと')",0.0,白銀ノエル,赤井はあと
464,"('白銀ノエル', '轟はじめ')",0.0,白銀ノエル,轟はじめ
465,"('白銀ノエル', '雪花ラミィ')",0.0,白銀ノエル,雪花ラミィ
466,"('白銀ノエル', '音乃瀬奏)')",0.0,白銀ノエル,音乃瀬奏)
467,"('癒月ちょこ', '白銀ノエル')",0.0,癒月ちょこ,白銀ノエル
468,"('獅白ぼたん', '音乃瀬奏)')",0.0,獅白ぼたん,音乃瀬奏)
469,"('白銀ノエル', '魔乃アロエ')",0.0,白銀ノエル,魔乃アロエ
470,"('火威青', '魔乃アロエ')",0.0,火威青,魔乃アロエ
471,"('火威青', '紫咲シオン')",0.0,火威青,紫咲シオン
472,"('火威青', '角巻わため')",0.0,火威青,角巻わため
473,"('火威青', '赤井はあと')",0.0,火威青,赤井はあと
474,"('火威青', '轟はじめ')",0.0,火威青,轟はじめ
475,"('火威青', '雪花ラミィ')",0.0,火威青,雪花ラミィ
476,"('火威青', '音乃瀬奏)')",0.0,火威青,音乃瀬奏)
477,"('火威青', '風真いろは')",0.0,火威青,風真いろは
478,"('火威青', '鷹嶺ルイ')",0.0,火威青,鷹嶺ルイ
479,"('獅白ぼたん', '轟はじめ')",0.0,獅白ぼたん,轟はじめ
480,"('猫又おかゆ', '白銀ノエル')",0.0,猫又おかゆ,白銀ノエル
481,"('猫又おかゆ', '角巻わため')",0.0,猫又おかゆ,角巻わため
482,"('猫又おかゆ', '轟はじめ')",0.0,猫又おかゆ,轟はじめ
483,"('猫又おかゆ', '音乃瀬奏)')",0.0,猫又おかゆ,音乃瀬奏)
484,"('猫又おかゆ', '風真いろは')",0.0,猫又おかゆ,風真いろは
485,"('猫又おかゆ', '魔乃アロエ')",0.0,猫又おかゆ,魔乃アロエ
486,"('獅白ぼたん', '白銀ノエル')",0.0,獅白ぼたん,白銀ノエル
487,"('白銀ノエル', '風真いろは')",0.0,白銀ノエル,風真いろは
488,"('白銀ノエル', '鷹嶺ルイ')",0.0,白銀ノエル,鷹嶺ルイ
489,"('火威青', '白銀ノエル')",0.0,火威青,白銀ノエル
490,"('轟はじめ', '鷹嶺ルイ')",0.0,轟はじめ,鷹嶺ルイ
491,"('赤井はあと', '風真いろは')",0.0,赤井はあと,風真いろは
492,"('赤井はあと', '魔乃アロエ')",0.0,赤井はあと,魔乃アロエ
493,"('赤井はあと', '鷹嶺ルイ')",0.0,赤井はあと,鷹嶺ルイ
494,"('轟はじめ', '雪花ラミィ')",0.0,轟はじめ,雪花ラミィ
495,"('轟はじめ', '音乃瀬奏)')",0.0,轟はじめ,音乃瀬奏)
496,"('轟はじめ', '風真いろは')",0.0,轟はじめ,風真いろは
497,"('轟はじめ', '魔乃アロエ')",0.0,轟はじめ,魔乃アロエ
498,"('雪花ラミィ', '音乃瀬奏)')",0.0,雪花ラミィ,音乃瀬奏)
499,"('赤井はあと', '轟はじめ')",0.0,赤井はあと,轟はじめ
500,"('雪花ラミィ', '風真いろは')",0.0,雪花ラミィ,風真いろは
501,"('雪花ラミィ', '魔乃アロエ')",0.0,雪花ラミィ,魔乃アロエ
502,"('雪花ラミィ', '鷹嶺ルイ')",0.0,雪花ラミィ,鷹嶺ルイ
503,"('音乃瀬奏)', '風真いろは')",0.0,音乃瀬奏),風真いろは
504,"('音乃瀬奏)', '魔乃アロエ')",0.0,音乃瀬奏),魔乃アロエ
505,"('音乃瀬奏)', '鷹嶺ルイ')",0.0,音乃瀬奏),鷹嶺ルイ
506,"('風真いろは', '魔乃アロエ')",0.0,風真いろは,魔乃アロエ
507,"('赤井はあと', '音乃瀬奏)')",0.0,赤井はあと,音乃瀬奏)
508,"('角巻わため', '鷹嶺ルイ')",0.0,角巻わため,鷹嶺ルイ
509,"('百鬼あやめ', '轟はじめ')",0.0,百鬼あやめ,轟はじめ
510,"('紫咲シオン', '雪花ラミィ')",0.0,紫咲シオン,雪花ラミィ
511,"('百鬼あやめ', '雪花ラミィ')",0.0,百鬼あやめ,雪花ラミィ
512,"('百鬼あやめ', '音乃瀬奏)')",0.0,百鬼あやめ,音乃瀬奏)
513,"('百鬼あやめ', '魔乃アロエ')",0.0,百鬼あやめ,魔乃アロエ
514,"('百鬼あやめ', '鷹嶺ルイ')",0.0,百鬼あやめ,鷹嶺ルイ
515,"('紫咲シオン', '角巻わため')",0.0,紫咲シオン,角巻わため
516,"('紫咲シオン', '赤井はあと')",0.0,紫咲シオン,赤井はあと
517,"('紫咲シオン', '轟はじめ')",0.0,紫咲シオン,轟はじめ
518,"('紫咲シオン', '音乃瀬奏)')",0.0,紫咲シオン,音乃瀬奏)
519,"('角巻わため', '魔乃アロエ')",0.0,角巻わため,魔乃アロエ
520,"('紫咲シオン', '風真いろは')",0.0,紫咲シオン,風真いろは
521,"('紫咲シオン', '魔乃アロエ')",0.0,紫咲シオン,魔乃アロエ
522,"('紫咲シオン', '鷹嶺ルイ')",0.0,紫咲シオン,鷹嶺ルイ
523,"('角巻わため', '赤井はあと')",0.0,角巻わため,赤井はあと
524,"('角巻わため', '轟はじめ')",0.0,角巻わため,轟はじめ
525,"('角巻わため', '音乃瀬奏)')",0.0,角巻わため,音乃瀬奏)
526,"('角巻わため', '風真いろは')",0.0,角巻わため,風真いろは
527,"('火威青', '百鬼あやめ')",0.0,火威青,百鬼あやめ
528,"('火威青', '白上フブキ')",0.0,火威青,白上フブキ
529,"('尾丸ポルカ', '音乃瀬奏)')",0.0,尾丸ポルカ,音乃瀬奏)
530,"('桃鈴ねね', '桐生ココ')",0.0,桃鈴ねね,桐生ココ
531,"('戌神ころね', '魔乃アロエ')",0.0,戌神ころね,魔乃アロエ
532,"('戌神ころね', '鷹嶺ルイ')",0.0,戌神ころね,鷹嶺ルイ
533,"('星街すいせい', '火威青')",0.0,星街すいせい,火威青
534,"('星街すいせい', '轟はじめ')",0.0,星街すいせい,轟はじめ
535,"('星街すいせい', '音乃瀬奏)')",0.0,星街すいせい,音乃瀬奏)
536,"('星街すいせい', '魔乃アロエ')",0.0,星街すいせい,魔乃アロエ
537,"('星街すいせい', '鷹嶺ルイ')",0.0,星街すいせい,鷹嶺ルイ
538,"('桃鈴ねね', '火威青')",0.0,桃鈴ねね,火威青
539,"('戌神ころね', '轟はじめ')",0.0,戌神ころね,轟はじめ
540,"('桃鈴ねね', '猫又おかゆ')",0.0,桃鈴ねね,猫又おかゆ
541,"('桃鈴ねね', '癒月ちょこ')",0.0,桃鈴ねね,癒月ちょこ
542,"('桃鈴ねね', '白銀ノエル')",0.0,桃鈴ねね,白銀ノエル
543,"('桃鈴ねね', '赤井はあと')",0.0,桃鈴ねね,赤井はあと
544,"('桃鈴ねね', '轟はじめ')",0.0,桃鈴ねね,轟はじめ
545,"('桃鈴ねね', '音乃瀬奏)')",0.0,桃鈴ねね,音乃瀬奏)
546,"('桃鈴ねね', '魔乃アロエ')",0.0,桃鈴ねね,魔乃アロエ
547,"('戌神ころね', '音乃瀬奏)')",0.0,戌神ころね,音乃瀬奏)
548,"('戌神ころね', '角巻わため')",0.0,戌神ころね,角巻わため
549,"('桐生ココ', '湊あくあ')",0.0,桐生ココ,湊あくあ
550,"('常闇トワ', '赤井はあと')",0.0,常闇トワ,赤井はあと
551,"('尾丸ポルカ', '風真いろは')",0.0,尾丸ポルカ,風真いろは
552,"('尾丸ポルカ', '魔乃アロエ')",0.0,尾丸ポルカ,魔乃アロエ
553,"('尾丸ポルカ', '鷹嶺ルイ')",0.0,尾丸ポルカ,鷹嶺ルイ
554,"('常闇トワ', '戌神ころね')",0.0,常闇トワ,戌神ころね
555,"('常闇トワ', '沙花叉クロヱ')",0.0,常闇トワ,沙花叉クロヱ
556,"('常闇トワ', '火威青')",0.0,常闇トワ,火威青
557,"('常闇トワ', '白銀ノエル')",0.0,常闇トワ,白銀ノエル
558,"('常闇トワ', '轟はじめ')",0.0,常闇トワ,轟はじめ
559,"('戌神ころね', '紫咲シオン')",0.0,戌神ころね,紫咲シオン
560,"('常闇トワ', '音乃瀬奏)')",0.0,常闇トワ,音乃瀬奏)
561,"('常闇トワ', '風真いろは')",0.0,常闇トワ,風真いろは
562,"('常闇トワ', '魔乃アロエ')",0.0,常闇トワ,魔乃アロエ
563,"('戌神ころね', '桐生ココ')",0.0,戌神ころね,桐生ココ
564,"('戌神ころね', '火威青')",0.0,戌神ころね,火威青
565,"('戌神ころね', '獅白ぼたん')",0.0,戌神ころね,獅白ぼたん
566,"('戌神ころね', '白銀ノエル')",0.0,戌神ころね,白銀ノエル
567,"('桃鈴ねね', '鷹嶺ルイ')",0.0,桃鈴ねね,鷹嶺ルイ
568,"('桐生ココ', '潤羽るしあ')",0.0,桐生ココ,潤羽るしあ
569,"('火威青', '癒月ちょこ')",0.0,火威青,癒月ちょこ
570,"('潤羽るしあ', '獅白ぼたん')",0.0,潤羽るしあ,獅白ぼたん
571,"('湊あくあ', '白銀ノエル')",0.0,湊あくあ,白銀ノエル
572,"('湊あくあ', '轟はじめ')",0.0,湊あくあ,轟はじめ
573,"('湊あくあ', '音乃瀬奏)')",0.0,湊あくあ,音乃瀬奏)
574,"('湊あくあ', '風真いろは')",0.0,湊あくあ,風真いろは
575,"('湊あくあ', '魔乃アロエ')",0.0,湊あくあ,魔乃アロエ
576,"('湊あくあ', '鷹嶺ルイ')",0.0,湊あくあ,鷹嶺ルイ
577,"('潤羽るしあ', '火威青')",0.0,潤羽るしあ,火威青
578,"('潤羽るしあ', '轟はじめ')",0.0,潤羽るしあ,轟はじめ
579,"('沙花叉クロヱ', '魔乃アロエ')",0.0,沙花叉クロヱ,魔乃アロエ
580,"('潤羽るしあ', '雪花ラミィ')",0.0,潤羽るしあ,雪花ラミィ
581,"('潤羽るしあ', '音乃瀬奏)')",0.0,潤羽るしあ,音乃瀬奏)
582,"('潤羽るしあ', '風真いろは')",0.0,潤羽るしあ,風真いろは
583,"('潤羽るしあ', '魔乃アロエ')",0.0,潤羽るしあ,魔乃アロエ
584,"('潤羽るしあ', '鷹嶺ルイ')",0.0,潤羽るしあ,鷹嶺ルイ
585,"('火威青', '猫又おかゆ')",0.0,火威青,猫又おかゆ
586,"('火威青', '獅白ぼたん')",0.0,火威青,獅白ぼたん
587,"('湊あくあ', '火威青')",0.0,湊あくあ,火威青
588,"('沙花叉クロヱ', '音乃瀬奏)')",0.0,沙花叉クロヱ,音乃瀬奏)
589,"('桐生ココ', '火威青')",0.0,桐生ココ,火威青
590,"('桐生ココ', '魔乃アロエ')",0.0,桐生ココ,魔乃アロエ
591,"('桐生ココ', '猫又おかゆ')",0.0,桐生ココ,猫又おかゆ
592,"('桐生ココ', '白上フブキ')",0.0,桐生ココ,白上フブキ
593,"('桐生ココ', '白銀ノエル')",0.0,桐生ココ,白銀ノエル
594,"('桐生ココ', '紫咲シオン')",0.0,桐生ココ,紫咲シオン
595,"('桐生ココ', '轟はじめ')",0.0,桐生ココ,轟はじめ
596,"('桐生ココ', '音乃瀬奏)')",0.0,桐生ココ,音乃瀬奏)
597,"('桐生ココ', '風真いろは')",0.0,桐生ココ,風真いろは
598,"('桐生ココ', '鷹嶺ルイ')",0.0,桐生ココ,鷹嶺ルイ
599,"('沙花叉クロヱ', '轟はじめ')",0.0,沙花叉クロヱ,轟はじめ
600,"('沙花叉クロヱ', '潤羽るしあ')",0.0,沙花叉クロヱ,潤羽るしあ
601,"('沙花叉クロヱ', '火威青')",0.0,沙花叉クロヱ,火威青
602,"('沙花叉クロヱ', '猫又おかゆ')",0.0,沙花叉クロヱ,猫又おかゆ
603,"('沙花叉クロヱ', '獅白ぼたん')",0.0,沙花叉クロヱ,獅白ぼたん
604,"('沙花叉クロヱ', '紫咲シオン')",0.0,沙花叉クロヱ,紫咲シオン
605,"('沙花叉クロヱ', '角巻わため')",0.0,沙花叉クロヱ,角巻わため
606,"('沙花叉クロヱ', '赤井はあと')",0.0,沙花叉クロヱ,赤井はあと
607,"('桃鈴ねね', '紫咲シオン')",0.0,桃鈴ねね,紫咲シオン
608,"('夏色まつり', '角巻わため')",0.0,夏色まつり,角巻わため
609,"('姫森ルーナ', '火威青')",0.0,姫森ルーナ,火威青
610,"('アキ・ローゼンタール', '音乃瀬奏)')",0.0,アキ・ローゼンタール,音乃瀬奏)
611,"('アキ・ローゼンタール', '天音かなた')",0.0,アキ・ローゼンタール,天音かなた
612,"('アキ・ローゼンタール', '尾丸ポルカ')",0.0,アキ・ローゼンタール,尾丸ポルカ
613,"('アキ・ローゼンタール', '桐生ココ')",0.0,アキ・ローゼンタール,桐生ココ
614,"('アキ・ローゼンタール', '沙花叉クロヱ')",0.0,アキ・ローゼンタール,沙花叉クロヱ
615,"('アキ・ローゼンタール', '火威青')",0.0,アキ・ローゼンタール,火威青
616,"('アキ・ローゼンタール', '白銀ノエル')",0.0,アキ・ローゼンタール,白銀ノエル
617,"('アキ・ローゼンタール', '角巻わため')",0.0,アキ・ローゼンタール,角巻わため
618,"('アキ・ローゼンタール', '轟はじめ')",0.0,アキ・ローゼンタール,轟はじめ
619,"('アキ・ローゼンタール', '風真いろは')",0.0,アキ・ローゼンタール,風真いろは
620,"('ロボ子さん', '百鬼あやめ')",0.0,ロボ子さん,百鬼あやめ
621,"('アキ・ローゼンタール', '魔乃アロエ')",0.0,アキ・ローゼンタール,魔乃アロエ
622,"('アキ・ローゼンタール', '鷹嶺ルイ')",0.0,アキ・ローゼンタール,鷹嶺ルイ
623,"('ラプラス・ダークネス', 'ロボ子さん')",0.0,ラプラス・ダークネス,ロボ子さん
624,"('ラプラス・ダークネス', '一条莉々華')",0.0,ラプラス・ダークネス,一条莉々華
625,"('ラプラス・ダークネス', '不知火フレア')",0.0,ラプラス・ダークネス,不知火フレア
626,"('ラプラス・ダークネス', '儒烏風亭らでん')",0.0,ラプラス・ダークネス,儒烏風亭らでん
627,"('ラプラス・ダークネス', '兎田ぺこら')",0.0,ラプラス・ダークネス,兎田ぺこら
628,"('ラプラス・ダークネス', '夏色まつり')",0.0,ラプラス・ダークネス,夏色まつり
629,"('アキ・ローゼンタール', '儒烏風亭らでん')",0.0,アキ・ローゼンタール,儒烏風亭らでん
630,"('アキ・ローゼンタール', '一条莉々華')",0.0,アキ・ローゼンタール,一条莉々華
631,"('アキ・ローゼンタール', 'ラプラス・ダークネス')",0.0,アキ・ローゼンタール,ラプラス・ダークネス
632,"('ときのそら', '魔乃アロエ')",0.0,ときのそら,魔乃アロエ
633,"('さくらみこ', '鷹嶺ルイ')",0.0,さくらみこ,鷹嶺ルイ
634,"('ときのそら', 'ラプラス・ダークネス')",0.0,ときのそら,ラプラス・ダークネス
635,"('ときのそら', '一条莉々華')",0.0,ときのそら,一条莉々華
636,"('ときのそら', '不知火フレア')",0.0,ときのそら,不知火フレア
637,"('ときのそら', '儒烏風亭らでん')",0.0,ときのそら,儒烏風亭らでん
638,"('ときのそら', '兎田ぺこら')",0.0,ときのそら,兎田ぺこら
639,"('ときのそら', '姫森ルーナ')",0.0,ときのそら,姫森ルーナ
640,"('ときのそら', '戌神ころね')",0.0,ときのそら,戌神ころね
641,"('ときのそら', '桃鈴ねね')",0.0,ときのそら,桃鈴ねね
642,"('ときのそら', '桐生ココ')",0.0,ときのそら,桐生ココ
643,"('ときのそら', '潤羽るしあ')",0.0,ときのそら,潤羽るしあ
644,"('ときのそら', '火威青')",0.0,ときのそら,火威青
645,"('ときのそら', '百鬼あやめ')",0.0,ときのそら,百鬼あやめ
646,"('ときのそら', '角巻わため')",0.0,ときのそら,角巻わため
647,"('ときのそら', '轟はじめ')",0.0,ときのそら,轟はじめ
648,"('ときのそら', '音乃瀬奏)')",0.0,ときのそら,音乃瀬奏)
649,"('ときのそら', '風真いろは')",0.0,ときのそら,風真いろは
650,"('ラプラス・ダークネス', '夜空メル')",0.0,ラプラス・ダークネス,夜空メル
651,"('ラプラス・ダークネス', '大神ミオ')",0.0,ラプラス・ダークネス,大神ミオ
652,"('ラプラス・ダークネス', '大空スバル')",0.0,ラプラス・ダークネス,大空スバル
653,"('ラプラス・ダークネス', '角巻わため')",0.0,ラプラス・ダークネス,角巻わため
654,"('ラプラス・ダークネス', '轟はじめ')",0.0,ラプラス・ダークネス,轟はじめ
655,"('ラプラス・ダークネス', '雪花ラミィ')",0.0,ラプラス・ダークネス,雪花ラミィ
656,"('ラプラス・ダークネス', '音乃瀬奏)')",0.0,ラプラス・ダークネス,音乃瀬奏)
657,"('ラプラス・ダークネス', '風真いろは')",0.0,ラプラス・ダークネス,風真いろは
658,"('ラプラス・ダークネス', '魔乃アロエ')",0.0,ラプラス・ダークネス,魔乃アロエ
659,"('ラプラス・ダークネス', '鷹嶺ルイ')",0.0,ラプラス・ダークネス,鷹嶺ルイ
660,"('ロボ子さん', '一条莉々華')",0.0,ロボ子さん,一条莉々華
661,"('ロボ子さん', '不知火フレア')",0.0,ロボ子さん,不知火フレア
662,"('ロボ子さん', '儒烏風亭らでん')",0.0,ロボ子さん,儒烏風亭らでん
663,"('ロボ子さん', '兎田ぺこら')",0.0,ロボ子さん,兎田ぺこら
664,"('ロボ子さん', '天音かなた')",0.0,ロボ子さん,天音かなた
665,"('ロボ子さん', '姫森ルーナ')",0.0,ロボ子さん,姫森ルーナ
666,"('ロボ子さん', '桃鈴ねね')",0.0,ロボ子さん,桃鈴ねね
667,"('ロボ子さん', '桐生ココ')",0.0,ロボ子さん,桐生ココ
668,"('ロボ子さん', '潤羽るしあ')",0.0,ロボ子さん,潤羽るしあ
669,"('ロボ子さん', '火威青')",0.0,ロボ子さん,火威青
670,"('ロボ子さん', '獅白ぼたん')",0.0,ロボ子さん,獅白ぼたん
671,"('ラプラス・ダークネス', '赤井はあと')",0.0,ラプラス・ダークネス,赤井はあと
672,"('ラプラス・ダークネス', '紫咲シオン')",0.0,ラプラス・ダークネス,紫咲シオン
673,"('ラプラス・ダークネス', '天音かなた')",0.0,ラプラス・ダークネス,天音かなた
674,"('ラプラス・ダークネス', '百鬼あやめ')",0.0,ラプラス・ダークネス,百鬼あやめ
675,"('ラプラス・ダークネス', '姫森ルーナ')",0.0,ラプラス・ダークネス,姫森ルーナ
676,"('ラプラス・ダークネス', '宝鐘マリン')",0.0,ラプラス・ダークネス,宝鐘マリン
677,"('ラプラス・ダークネス', '尾丸ポルカ')",0.0,ラプラス・ダークネス,尾丸ポルカ
678,"('ラプラス・ダークネス', '常闇トワ')",0.0,ラプラス・ダークネス,常闇トワ
679,"('ラプラス・ダークネス', '戌神ころね')",0.0,ラプラス・ダークネス,戌神ころね
680,"('ラプラス・ダークネス', '星街すいせい')",0.0,ラプラス・ダークネス,星街すいせい
681,"('ラプラス・ダークネス', '桃鈴ねね')",0.0,ラプラス・ダークネス,桃鈴ねね
682,"('ラプラス・ダークネス', '桐生ココ')",0.0,ラプラス・ダークネス,桐生ココ
683,"('ラプラス・ダークネス', '沙花叉クロヱ')",0.0,ラプラス・ダークネス,沙花叉クロヱ
684,"('ラプラス・ダークネス', '湊あくあ')",0.0,ラプラス・ダークネス,湊あくあ
685,"('ラプラス・ダークネス', '潤羽るしあ')",0.0,ラプラス・ダークネス,潤羽るしあ
686,"('ラプラス・ダークネス', '火威青')",0.0,ラプラス・ダークネス,火威青
687,"('ラプラス・ダークネス', '猫又おかゆ')",0.0,ラプラス・ダークネス,猫又おかゆ
688,"('ラプラス・ダークネス', '獅白ぼたん')",0.0,ラプラス・ダークネス,獅白ぼたん
689,"('ラプラス・ダークネス', '癒月ちょこ')",0.0,ラプラス・ダークネス,癒月ちょこ
690,"('ラプラス・ダークネス', '白上フブキ')",0.0,ラプラス・ダークネス,白上フブキ
691,"('ラプラス・ダークネス', '白銀ノエル')",0.0,ラプラス・ダークネス,白銀ノエル
692,"('さくらみこ', '魔乃アロエ')",0.0,さくらみこ,魔乃アロエ
693,"('さくらみこ', '風真いろは')",0.0,さくらみこ,風真いろは
694,"('さくらみこ', '音乃瀬奏)')",0.0,さくらみこ,音乃瀬奏)
695,"('AZKi', '紫咲シオン')",0.0,AZKi,紫咲シオン
696,"('AZKi', '赤井はあと')",0.0,AZKi,赤井はあと
697,"('AZKi', '轟はじめ')",0.0,AZKi,轟はじめ
698,"('AZKi', '雪花ラミィ')",0.0,AZKi,雪花ラミィ
699,"('AZKi', '音乃瀬奏)')",0.0,AZKi,音乃瀬奏)
700,"('AZKi', '風真いろは')",0.0,AZKi,風真いろは
701,"('AZKi', '魔乃アロエ')",0.0,AZKi,魔乃アロエ
702,"('AZKi', '鷹嶺ルイ')",0.0,AZKi,鷹嶺ルイ
703,"('Unnamed: 0', 'さくらみこ')",0.0,Unnamed: 0,さくらみこ
704,"('Unnamed: 0', 'ときのそら')",0.0,Unnamed: 0,ときのそら
705,"('Unnamed: 0', 'アキ・ローゼンタール')",0.0,Unnamed: 0,アキ・ローゼンタール
706,"('Unnamed: 0', 'ラプラス・ダークネス')",0.0,Unnamed: 0,ラプラス・ダークネス
707,"('Unnamed: 0', 'ロボ子さん')",0.0,Unnamed: 0,ロボ子さん
708,"('Unnamed: 0', '一条莉々華')",0.0,Unnamed: 0,一条莉々華
709,"('Unnamed: 0', '不知火フレア')",0.0,Unnamed: 0,不知火フレア
710,"('Unnamed: 0', '儒烏風亭らでん')",0.0,Unnamed: 0,儒烏風亭らでん
711,"('Unnamed: 0', '兎田ぺこら')",0.0,Unnamed: 0,兎田ぺこら
712,"('Unnamed: 0', '博衣こより')",0.0,Unnamed: 0,博衣こより
713,"('AZKi', '角巻わため')",0.0,AZKi,角巻わため
714,"('AZKi', '白銀ノエル')",0.0,AZKi,白銀ノエル
715,"('Unnamed: 0', '夜空メル')",0.0,Unnamed: 0,夜空メル
716,"('AZKi', '癒月ちょこ')",0.0,AZKi,癒月ちょこ
717,"('AZKi', 'ラプラス・ダークネス')",0.0,AZKi,ラプラス・ダークネス
718,"('AZKi', '一条莉々華')",0.0,AZKi,一条莉々華
719,"('AZKi', '不知火フレア')",0.0,AZKi,不知火フレア
720,"('AZKi', '儒烏風亭らでん')",0.0,AZKi,儒烏風亭らでん
721,"('AZKi', '兎田ぺこら')",0.0,AZKi,兎田ぺこら
722,"('AZKi', '博衣こより')",0.0,AZKi,博衣こより
723,"('AZKi', '大空スバル')",0.0,AZKi,大空スバル
724,"('AZKi', '姫森ルーナ')",0.0,AZKi,姫森ルーナ
725,"('AZKi', '尾丸ポルカ')",0.0,AZKi,尾丸ポルカ
726,"('AZKi', '常闇トワ')",0.0,AZKi,常闇トワ
727,"('AZKi', '戌神ころね')",0.0,AZKi,戌神ころね
728,"('AZKi', '桃鈴ねね')",0.0,AZKi,桃鈴ねね
729,"('AZKi', '桐生ココ')",0.0,AZKi,桐生ココ
730,"('AZKi', '湊あくあ')",0.0,AZKi,湊あくあ
731,"('AZKi', '潤羽るしあ')",0.0,AZKi,潤羽るしあ
732,"('AZKi', '火威青')",0.0,AZKi,火威青
733,"('AZKi', '獅白ぼたん')",0.0,AZKi,獅白ぼたん
734,"('Unnamed: 0', '夏色まつり')",0.0,Unnamed: 0,夏色まつり
735,"('Unnamed: 0', '大神ミオ')",0.0,Unnamed: 0,大神ミオ
736,"('さくらみこ', '雪花ラミィ')",0.0,さくらみこ,雪花ラミィ
737,"('Unnamed: 0', '紫咲シオン')",0.0,Unnamed: 0,紫咲シオン
738,"('Unnamed: 0', '赤井はあと')",0.0,Unnamed: 0,赤井はあと
739,"('Unnamed: 0', '轟はじめ')",0.0,Unnamed: 0,轟はじめ
740,"('Unnamed: 0', '雪花ラミィ')",0.0,Unnamed: 0,雪花ラミィ
741,"('Unnamed: 0', '音乃瀬奏)')",0.0,Unnamed: 0,音乃瀬奏)
742,"('Unnamed: 0', '風真いろは')",0.0,Unnamed: 0,風真いろは
743,"('Unnamed: 0', '魔乃アロエ')",0.0,Unnamed: 0,魔乃アロエ
744,"('Unnamed: 0', '鷹嶺ルイ')",0.0,Unnamed: 0,鷹嶺ルイ
745,"('さくらみこ', 'ラプラス・ダークネス')",0.0,さくらみこ,ラプラス・ダークネス
746,"('さくらみこ', '一条莉々華')",0.0,さくらみこ,一条莉々華
747,"('さくらみこ', '儒烏風亭らでん')",0.0,さくらみこ,儒烏風亭らでん
748,"('さくらみこ', '常闇トワ')",0.0,さくらみこ,常闇トワ
749,"('さくらみこ', '桃鈴ねね')",0.0,さくらみこ,桃鈴ねね
750,"('さくらみこ', '沙花叉クロヱ')",0.0,さくらみこ,沙花叉クロヱ
751,"('さくらみこ', '火威青')",0.0,さくらみこ,火威青
752,"('さくらみこ', '獅白ぼたん')",0.0,さくらみこ,獅白ぼたん
753,"('さくらみこ', '紫咲シオン')",0.0,さくらみこ,紫咲シオン
754,"('さくらみこ', '轟はじめ')",0.0,さくらみこ,轟はじめ
755,"('Unnamed: 0', '角巻わため')",0.0,Unnamed: 0,角巻わため
756,"('Unnamed: 0', '百鬼あやめ')",0.0,Unnamed: 0,百鬼あやめ
757,"('Unnamed: 0', '大空スバル')",0.0,Unnamed: 0,大空スバル
758,"('Unnamed: 0', '白銀ノエル')",0.0,Unnamed: 0,白銀ノエル
759,"('Unnamed: 0', '天音かなた')",0.0,Unnamed: 0,天音かなた
760,"('Unnamed: 0', '姫森ルーナ')",0.0,Unnamed: 0,姫森ルーナ
761,"('Unnamed: 0', '宝鐘マリン')",0.0,Unnamed: 0,宝鐘マリン
762,"('Unnamed: 0', '尾丸ポルカ')",0.0,Unnamed: 0,尾丸ポルカ
763,"('Unnamed: 0', '常闇トワ')",0.0,Unnamed: 0,常闇トワ
764,"('Unnamed: 0', '戌神ころね')",0.0,Unnamed: 0,戌神ころね
765,"('Unnamed: 0', '星街すいせい')",0.0,Unnamed: 0,星街すいせい
766,"('Unnamed: 0', '桃鈴ねね')",0.0,Unnamed: 0,桃鈴ねね
767,"('Unnamed: 0', '桐生ココ')",0.0,Unnamed: 0,桐生ココ
768,"('Unnamed: 0', '沙花叉クロヱ')",0.0,Unnamed: 0,沙花叉クロヱ
769,"('Unnamed: 0', '湊あくあ')",0.0,Unnamed: 0,湊あくあ
770,"('Unnamed: 0', '潤羽るしあ')",0.0,Unnamed: 0,潤羽るしあ
771,"('Unnamed: 0', '火威青')",0.0,Unnamed: 0,火威青
772,"('Unnamed: 0', '猫又おかゆ')",0.0,Unnamed: 0,猫又おかゆ
773,"('Unnamed: 0', '獅白ぼたん')",0.0,Unnamed: 0,獅白ぼたん
774,"('Unnamed: 0', '癒月ちょこ')",0.0,Unnamed: 0,癒月ちょこ
775,"('Unnamed: 0', '白上フブキ')",0.0,Unnamed: 0,白上フブキ
776,"('ロボ子さん', '白銀ノエル')",0.0,ロボ子さん,白銀ノエル
777,"('ロボ子さん', '紫咲シオン')",0.0,ロボ子さん,紫咲シオン
778,"('姫森ルーナ', '沙花叉クロヱ')",0.0,姫森ルーナ,沙花叉クロヱ
779,"('夏色まつり', '尾丸ポルカ')",0.0,夏色まつり,尾丸ポルカ
780,"('博衣こより', '白上フブキ')",0.0,博衣こより,白上フブキ
781,"('博衣こより', '白銀ノエル')",0.0,博衣こより,白銀ノエル
782,"('博衣こより', '紫咲シオン')",0.0,博衣こより,紫咲シオン
783,"('博衣こより', '赤井はあと')",0.0,博衣こより,赤井はあと
784,"('博衣こより', '轟はじめ')",0.0,博衣こより,轟はじめ
785,"('博衣こより', '音乃瀬奏)')",0.0,博衣こより,音乃瀬奏)
786,"('博衣こより', '魔乃アロエ')",0.0,博衣こより,魔乃アロエ
787,"('夏色まつり', '天音かなた')",0.0,夏色まつり,天音かなた
788,"('夏色まつり', '常闇トワ')",0.0,夏色まつり,常闇トワ
789,"('ロボ子さん', '角巻わため')",0.0,ロボ子さん,角巻わため
790,"('夏色まつり', '桐生ココ')",0.0,夏色まつり,桐生ココ
791,"('夏色まつり', '沙花叉クロヱ')",0.0,夏色まつり,沙花叉クロヱ
792,"('夏色まつり', '火威青')",0.0,夏色まつり,火威青
793,"('夏色まつり', '獅白ぼたん')",0.0,夏色まつり,獅白ぼたん
794,"('夏色まつり', '白銀ノエル')",0.0,夏色まつり,白銀ノエル
795,"('夏色まつり', '轟はじめ')",0.0,夏色まつり,轟はじめ
796,"('夏色まつり', '雪花ラミィ')",0.0,夏色まつり,雪花ラミィ
797,"('夏色まつり', '音乃瀬奏)')",0.0,夏色まつり,音乃瀬奏)
798,"('博衣こより', '癒月ちょこ')",0.0,博衣こより,癒月ちょこ
799,"('博衣こより', '獅白ぼたん')",0.0,博衣こより,獅白ぼたん
800,"('博衣こより', '火威青')",0.0,博衣こより,火威青
801,"('博衣こより', '桐生ココ')",0.0,博衣こより,桐生ココ
802,"('儒烏風亭らでん', '雪花ラミィ')",0.0,儒烏風亭らでん,雪花ラミィ
803,"('儒烏風亭らでん', '音乃瀬奏)')",0.0,儒烏風亭らでん,音乃瀬奏)
804,"('儒烏風亭らでん', '風真いろは')",0.0,儒烏風亭らでん,風真いろは
805,"('儒烏風亭らでん', '魔乃アロエ')",0.0,儒烏風亭らでん,魔乃アロエ
806,"('儒烏風亭らでん', '鷹嶺ルイ')",0.0,儒烏風亭らでん,鷹嶺ルイ
807,"('兎田ぺこら', '姫森ルーナ')",0.0,兎田ぺこら,姫森ルーナ
808,"('兎田ぺこら', '沙花叉クロヱ')",0.0,兎田ぺこら,沙花叉クロヱ
809,"('兎田ぺこら', '火威青')",0.0,兎田ぺこら,火威青
810,"('兎田ぺこら', '紫咲シオン')",0.0,兎田ぺこら,紫咲シオン
811,"('兎田ぺこら', '轟はじめ')",0.0,兎田ぺこら,轟はじめ
812,"('兎田ぺこら', '音乃瀬奏)')",0.0,兎田ぺこら,音乃瀬奏)
813,"('兎田ぺこら', '風真いろは')",0.0,兎田ぺこら,風真いろは
814,"('兎田ぺこら', '魔乃アロエ')",0.0,兎田ぺこら,魔乃アロエ
815,"('兎田ぺこら', '鷹嶺ルイ')",0.0,兎田ぺこら,鷹嶺ルイ
816,"('博衣こより', '大神ミオ')",0.0,博衣こより,大神ミオ
817,"('博衣こより', '姫森ルーナ')",0.0,博衣こより,姫森ルーナ
818,"('博衣こより', '常闇トワ')",0.0,博衣こより,常闇トワ
819,"('夏色まつり', '風真いろは')",0.0,夏色まつり,風真いろは
820,"('夏色まつり', '魔乃アロエ')",0.0,夏色まつり,魔乃アロエ
821,"('夏色まつり', '鷹嶺ルイ')",0.0,夏色まつり,鷹嶺ルイ
822,"('大神ミオ', '轟はじめ')",0.0,大神ミオ,轟はじめ
823,"('大神ミオ', '風真いろは')",0.0,大神ミオ,風真いろは
824,"('大神ミオ', '魔乃アロエ')",0.0,大神ミオ,魔乃アロエ
825,"('大神ミオ', '鷹嶺ルイ')",0.0,大神ミオ,鷹嶺ルイ
826,"('大空スバル', '火威青')",0.0,大空スバル,火威青
827,"('大空スバル', '角巻わため')",0.0,大空スバル,角巻わため
828,"('大空スバル', '轟はじめ')",0.0,大空スバル,轟はじめ
829,"('大空スバル', '雪花ラミィ')",0.0,大空スバル,雪花ラミィ
830,"('大空スバル', '音乃瀬奏)')",0.0,大空スバル,音乃瀬奏)
831,"('大空スバル', '魔乃アロエ')",0.0,大空スバル,魔乃アロエ
832,"('天音かなた', '戌神ころね')",0.0,天音かなた,戌神ころね
833,"('天音かなた', '火威青')",0.0,天音かなた,火威青
834,"('天音かなた', '紫咲シオン')",0.0,天音かなた,紫咲シオン
835,"('天音かなた', '轟はじめ')",0.0,天音かなた,轟はじめ
836,"('天音かなた', '音乃瀬奏)')",0.0,天音かなた,音乃瀬奏)
837,"('天音かなた', '魔乃アロエ')",0.0,天音かなた,魔乃アロエ
838,"('天音かなた', '鷹嶺ルイ')",0.0,天音かなた,鷹嶺ルイ
839,"('姫森ルーナ', '宝鐘マリン')",0.0,姫森ルーナ,宝鐘マリン
840,"('大神ミオ', '音乃瀬奏)')",0.0,大神ミオ,音乃瀬奏)
841,"('大神ミオ', '火威青')",0.0,大神ミオ,火威青
842,"('夜空メル', '大空スバル')",0.0,夜空メル,大空スバル
843,"('大神ミオ', '潤羽るしあ')",0.0,大神ミオ,潤羽るしあ
844,"('夜空メル', '尾丸ポルカ')",0.0,夜空メル,尾丸ポルカ
845,"('夜空メル', '桃鈴ねね')",0.0,夜空メル,桃鈴ねね
846,"('夜空メル', '沙花叉クロヱ')",0.0,夜空メル,沙花叉クロヱ
847,"('夜空メル', '火威青')",0.0,夜空メル,火威青
848,"('夜空メル', '獅白ぼたん')",0.0,夜空メル,獅白ぼたん
849,"('夜空メル', '白銀ノエル')",0.0,夜空メル,白銀ノエル
850,"('夜空メル', '百鬼あやめ')",0.0,夜空メル,百鬼あやめ
851,"('夜空メル', '角巻わため')",0.0,夜空メル,角巻わため
852,"('夜空メル', '轟はじめ')",0.0,夜空メル,轟はじめ
853,"('夜空メル', '雪花ラミィ')",0.0,夜空メル,雪花ラミィ
854,"('夜空メル', '音乃瀬奏)')",0.0,夜空メル,音乃瀬奏)
855,"('夜空メル', '風真いろは')",0.0,夜空メル,風真いろは
856,"('夜空メル', '魔乃アロエ')",0.0,夜空メル,魔乃アロエ
857,"('夜空メル', '鷹嶺ルイ')",0.0,夜空メル,鷹嶺ルイ
858,"('大神ミオ', '桐生ココ')",0.0,大神ミオ,桐生ココ
859,"('大神ミオ', '沙花叉クロヱ')",0.0,大神ミオ,沙花叉クロヱ
860,"('大神ミオ', '湊あくあ')",0.0,大神ミオ,湊あくあ
861,"('儒烏風亭らでん', '轟はじめ')",0.0,儒烏風亭らでん,轟はじめ
862,"('儒烏風亭らでん', '赤井はあと')",0.0,儒烏風亭らでん,赤井はあと
863,"('儒烏風亭らでん', '角巻わため')",0.0,儒烏風亭らでん,角巻わため
864,"('一条莉々華', '桃鈴ねね')",0.0,一条莉々華,桃鈴ねね
865,"('一条莉々華', '沙花叉クロヱ')",0.0,一条莉々華,沙花叉クロヱ
866,"('一条莉々華', '湊あくあ')",0.0,一条莉々華,湊あくあ
867,"('一条莉々華', '潤羽るしあ')",0.0,一条莉々華,潤羽るしあ
868,"('一条莉々華', '火威青')",0.0,一条莉々華,火威青
869,"('一条莉々華', '猫又おかゆ')",0.0,一条莉々華,猫又おかゆ
870,"('一条莉々華', '獅白ぼたん')",0.0,一条莉々華,獅白ぼたん
871,"('一条莉々華', '癒月ちょこ')",0.0,一条莉々華,癒月ちょこ
872,"('一条莉々華', '白上フブキ')",0.0,一条莉々華,白上フブキ
873,"('一条莉々華', '白銀ノエル')",0.0,一条莉々華,白銀ノエル
874,"('一条莉々華', '百鬼あやめ')",0.0,一条莉々華,百鬼あやめ
875,"('一条莉々華', '紫咲シオン')",0.0,一条莉々華,紫咲シオン
876,"('一条莉々華', '角巻わため')",0.0,一条莉々華,角巻わため
877,"('一条莉々華', '赤井はあと')",0.0,一条莉々華,赤井はあと
878,"('一条莉々華', '轟はじめ')",0.0,一条莉々華,轟はじめ
879,"('一条莉々華', '雪花ラミィ')",0.0,一条莉々華,雪花ラミィ
880,"('一条莉々華', '音乃瀬奏)')",0.0,一条莉々華,音乃瀬奏)
881,"('一条莉々華', '風真いろは')",0.0,一条莉々華,風真いろは
882,"('一条莉々華', '桐生ココ')",0.0,一条莉々華,桐生ココ
883,"('一条莉々華', '星街すいせい')",0.0,一条莉々華,星街すいせい
884,"('一条莉々華', '鷹嶺ルイ')",0.0,一条莉々華,鷹嶺ルイ
885,"('一条莉々華', '戌神ころね')",0.0,一条莉々華,戌神ころね
886,"('ロボ子さん', '轟はじめ')",0.0,ロボ子さん,轟はじめ
887,"('ロボ子さん', '音乃瀬奏)')",0.0,ロボ子さん,音乃瀬奏)
888,"('ロボ子さん', '風真いろは')",0.0,ロボ子さん,風真いろは
889,"('ロボ子さん', '魔乃アロエ')",0.0,ロボ子さん,魔乃アロエ
890,"('一条莉々華', '不知火フレア')",0.0,一条莉々華,不知火フレア
891,"('一条莉々華', '儒烏風亭らでん')",0.0,一条莉々華,儒烏風亭らでん
892,"('一条莉々華', '兎田ぺこら')",0.0,一条莉々華,兎田ぺこら
893,"('一条莉々華', '博衣こより')",0.0,一条莉々華,博衣こより
894,"('一条莉々華', '夏色まつり')",0.0,一条莉々華,夏色まつり
895,"('一条莉々華', '夜空メル')",0.0,一条莉々華,夜空メル
896,"('一条莉々華', '大神ミオ')",0.0,一条莉々華,大神ミオ
897,"('一条莉々華', '大空スバル')",0.0,一条莉々華,大空スバル
898,"('一条莉々華', '天音かなた')",0.0,一条莉々華,天音かなた
899,"('一条莉々華', '姫森ルーナ')",0.0,一条莉々華,姫森ルーナ
900,"('一条莉々華', '宝鐘マリン')",0.0,一条莉々華,宝鐘マリン
901,"('一条莉々華', '尾丸ポルカ')",0.0,一条莉々華,尾丸ポルカ
902,"('一条莉々華', '常闇トワ')",0.0,一条莉々華,常闇トワ
903,"('一条莉々華', '魔乃アロエ')",0.0,一条莉々華,魔乃アロエ
904,"('不知火フレア', '儒烏風亭らでん')",0.0,不知火フレア,儒烏風亭らでん
905,"('儒烏風亭らでん', '紫咲シオン')",0.0,儒烏風亭らでん,紫咲シオン
906,"('儒烏風亭らでん', '天音かなた')",0.0,儒烏風亭らでん,天音かなた
907,"('儒烏風亭らでん', '宝鐘マリン')",0.0,儒烏風亭らでん,宝鐘マリン
908,"('儒烏風亭らでん', '尾丸ポルカ')",0.0,儒烏風亭らでん,尾丸ポルカ
909,"('儒烏風亭らでん', '常闇トワ')",0.0,儒烏風亭らでん,常闇トワ
910,"('儒烏風亭らでん', '戌神ころね')",0.0,儒烏風亭らでん,戌神ころね
911,"('儒烏風亭らでん', '星街すいせい')",0.0,儒烏風亭らでん,星街すいせい
912,"('儒烏風亭らでん', '桃鈴ねね')",0.0,儒烏風亭らでん,桃鈴ねね
913,"('儒烏風亭らでん', '桐生ココ')",0.0,儒烏風亭らでん,桐生ココ
914,"('儒烏風亭らでん', '沙花叉クロヱ')",0.0,儒烏風亭らでん,沙花叉クロヱ
915,"('儒烏風亭らでん', '湊あくあ')",0.0,儒烏風亭らでん,湊あくあ
916,"('儒烏風亭らでん', '潤羽るしあ')",0.0,儒烏風亭らでん,潤羽るしあ
917,"('儒烏風亭らでん', '火威青')",0.0,儒烏風亭らでん,火威青
918,"('儒烏風亭らでん', '猫又おかゆ')",0.0,儒烏風亭らでん,猫又おかゆ
919,"('儒烏風亭らでん', '獅白ぼたん')",0.0,儒烏風亭らでん,獅白ぼたん
920,"('儒烏風亭らでん', '癒月ちょこ')",0.0,儒烏風亭らでん,癒月ちょこ
921,"('儒烏風亭らでん', '白上フブキ')",0.0,儒烏風亭らでん,白上フブキ
922,"('儒烏風亭らでん', '白銀ノエル')",0.0,儒烏風亭らでん,白銀ノエル
923,"('儒烏風亭らでん', '百鬼あやめ')",0.0,儒烏風亭らでん,百鬼あやめ
924,"('儒烏風亭らでん', '姫森ルーナ')",0.0,儒烏風亭らでん,姫森ルーナ
925,"('儒烏風亭らでん', '大空スバル')",0.0,儒烏風亭らでん,大空スバル
926,"('不知火フレア', '大神ミオ')",0.0,不知火フレア,大神ミオ
927,"('儒烏風亭らでん', '大神ミオ')",0.0,儒烏風亭らでん,大神ミオ
928,"('不知火フレア', '大空スバル')",0.0,不知火フレア,大空スバル
929,"('不知火フレア', '常闇トワ')",0.0,不知火フレア,常闇トワ
930,"('不知火フレア', '戌神ころね')",0.0,不知火フレア,戌神ころね
931,"('不知火フレア', '桐生ココ')",0.0,不知火フレア,桐生ココ
932,"('不知火フレア', '火威青')",0.0,不知火フレア,火威青
933,"('不知火フレア', '猫又おかゆ')",0.0,不知火フレア,猫又おかゆ
934,"('不知火フレア', '癒月ちょこ')",0.0,不知火フレア,癒月ちょこ
935,"('不知火フレア', '百鬼あやめ')",0.0,不知火フレア,百鬼あやめ
936,"('不知火フレア', '赤井はあと')",0.0,不知火フレア,赤井はあと
937,"('不知火フレア', '轟はじめ')",0.0,不知火フレア,轟はじめ
938,"('不知火フレア', '音乃瀬奏)')",0.0,不知火フレア,音乃瀬奏)
939,"('不知火フレア', '魔乃アロエ')",0.0,不知火フレア,魔乃アロエ
940,"('不知火フレア', '鷹嶺ルイ')",0.0,不知火フレア,鷹嶺ルイ
941,"('儒烏風亭らでん', '兎田ぺこら')",0.0,儒烏風亭らでん,兎田ぺこら
942,"('儒烏風亭らでん', '博衣こより')",0.0,儒烏風亭らでん,博衣こより
943,"('儒烏風亭らでん', '夏色まつり')",0.0,儒烏風亭らでん,夏色まつり
944,"('儒烏風亭らでん', '夜空メル')",0.0,儒烏風亭らでん,夜空メル
945,"('魔乃アロエ', '鷹嶺ルイ')",0.0,魔乃アロエ,鷹嶺ルイ
